patient_id,first_name,last_name,dob,phone_number
80301c96-b7ab-4b4b-be09-3d9048c3d553,Jason,Santiago,1955-09-05,928-276-6368x99764
778686ba-f644-4f52-bb74-62ddd9b5ce14,Cynthia,Berry,1962-12-10,868.987.3152x936
aa6c9586-1647-418b-94f1-5d4180c5f7ef,Steven,Austin,1967-12-13,001-247-795-2072x65553
cc3bbce7-3256-4894-aef3-71058d25a10a,Jamie,Phillips,1998-06-13,462.304.4791
0b7a87b8-65b6-4871-807f-9525014c7d90,Paul,Garrison,1949-01-29,(692)393-5165
482e9b24-6464-4a83-9728-7a5921f35b12,Cynthia,Dalton,1969-02-02,8026666801
82b7b723-fa87-4521-9331-28c02618d54c,Sabrina,Garrison,1992-11-07,001-897-845-4110x627
44b2fd1d-c626-42fd-bf2f-3f2459eaf237,Manuel,Martinez,1974-12-12,378.801.4261x0916
59802c13-3866-441d-a7e3-0a2498b8b8cc,Joshua,Giles,2005-10-19,982.617.1694x099
23a90dd1-e1a2-4e2f-bdf2-be520891b2b4,Christopher,Baker,1944-09-03,404.787.1356
f7e67f01-8944-470f-9d65-f4416ee6e537,Desiree,Le,1982-04-13,490.987.0997x320
b6439838-7437-4d03-864b-b7e4f8d70176,Benjamin,Holt,1996-11-09,929-835-4907
a23caf63-5d29-405b-b011-69515c10c973,Dawn,Olsen,1941-10-29,402-437-3404x57131
98c63eee-cf15-4585-aaf2-99c908304d15,Danielle,Bradley,1966-08-10,9196964518
195ba5e1-c020-427b-ae5c-f48f086e9890,Johnny,Molina,1949-10-14,497.469.8571x0675
a0b59870-c604-42ba-84d3-287c61b70496,Donald,Carlson,1976-03-22,(308)658-8809x721
9875a537-97d9-4426-b583-cbbc66be81b9,Rachael,Meyer,1945-07-06,001-613-481-3475
e9d05cae-ad0e-45d5-aaf4-5d4498d5c4d4,Connor,Ross,1994-11-18,(940)929-4139x658
76af53b2-048f-4bba-8f4b-84c40ede42b9,Carla,Scott,1941-09-03,8008756504
e3f19f83-1ff7-4c7f-8f23-f18d70889893,Bradley,Joyce,2007-06-10,964.481.9157
a10d5759-3b57-4361-9650-cef9243ce8ce,Donald,Hopkins,1964-04-20,977.905.2604x894
714c6e7b-a185-46ba-9ef5-0ea874733d2a,Michael,Kennedy,1967-12-21,(650)225-8288
4efc2bc0-058e-4fbb-b430-70d1ec491734,Kenneth,Silva,1953-05-13,361.534.5795x1468
87544556-18f7-4cb5-9bda-80c89c31a0d9,Sarah,Peterson,1974-09-27,916.388.2666x67715
1dec513f-5d2e-4512-82c9-c4a971511473,Jennifer,Robinson,1972-12-14,001-995-648-9951x452
d660a741-c1b7-4413-9de7-aca13393fdda,Ryan,Case,1969-03-15,+1-662-986-8457x024
9f17133e-c64d-46e2-b309-5338455df135,Jessica,Hayden,1966-06-26,+1-304-635-5394x30064
ae6d0d56-c1e0-4376-8ca4-9b623a70a6a4,Derrick,Clark,1965-11-12,001-865-284-9220
56ba688f-5fd9-48f3-a011-5fa68d96a6f4,Stacey,Phillips,1986-09-17,828.965.2014x510
52ad884d-436c-4bb9-b17b-439cc50bb803,Nicholas,Johnson,1986-11-23,242-334-3732x3325
f68dd5cb-50fe-4860-b280-40bcb5cb5e18,Jasmin,Mcconnell,1981-01-07,(296)599-0912x339
7e1e2f08-5a72-465f-b572-47bf198237a7,Ashley,Saunders,1957-02-25,536.429.9681
1f89ed48-3884-4e9b-8552-f046f4d4d331,Benjamin,Rodriguez,1982-08-01,573.317.0598x4721
6aea1058-a47d-4b90-8b87-f4adc894a370,Erik,Castaneda,1979-12-26,799-245-9095
aa261049-cdad-4442-9c07-e9bbaf2707e9,Derrick,Ford,1964-10-11,+1-444-883-9750
bd86a51b-582b-404b-8d97-7afc65f2dffd,Lisa,Li,1972-12-08,385.472.0282
f5951ec1-b552-411b-9091-73e77a29c38c,Kevin,Smith,1980-05-31,+1-809-926-3749
fc81029a-dc40-463a-bcb0-9f4d018a7c80,Mary,Wilson,1975-09-13,001-697-580-7338x875
440fc5ef-d69e-4481-adb7-3e30aa3a6ba2,Helen,Simmons,1997-05-18,+1-879-603-0878x22140
a338dc64-47c0-47f9-89f4-2bab7de1e086,Mary,Grant,1956-01-17,001-553-932-9650x9925
1e658aaa-b608-43e2-a1a4-f77d0886811a,Jackson,Nguyen,1952-07-14,420-639-3949x9331
b4155106-1da6-466d-9cf3-f2245dc672b2,Carol,Carney,1969-09-29,001-319-861-4484x831
eb060109-bec4-488c-9266-288721fdb321,Natasha,Coleman,1976-02-13,+1-512-678-3206
ff87af8b-b985-47bd-a9f4-ecf821ea4fd0,Michael,Frost,1982-09-13,618-902-8927
e320bb1e-6970-463c-bfdc-c582c64dc4aa,Kelly,Monroe,1971-11-19,(684)767-0136x39138
b6008481-fed3-4a88-837a-619c417afa57,Karen,Johnson,1963-11-05,(520)458-4063x270
949b8a4d-69db-4a70-b239-41cbfd4fd3e8,Taylor,Hoover,1971-08-29,998-602-1794
309f3d88-59ca-41bb-b421-e8683b881239,Donna,Guerra,1961-03-16,856-913-0621
88d61568-126d-4cbb-b0c8-9f0b46a7e3fa,Brian,Dillon,1985-09-09,6567131472
61892758-3c3d-4df5-b37f-1917b89399f4,Darin,Mack,2005-08-30,677-283-7960x20102
